                  epoch,         train/box_loss,         train/cls_loss,         train/dfl_loss,   metrics/precision(B),      metrics/recall(B),       metrics/mAP50(B),    metrics/mAP50-95(B),           val/box_loss,           val/cls_loss,           val/dfl_loss,                 lr/pg0,                 lr/pg1,                 lr/pg2
                      1,                  1.558,                 1.2052,                 1.2439,                0.74713,                0.69369,                0.75907,                 0.4112,                   1.42,                0.93025,                 1.1371,              0.0033295,              0.0033295,              0.0033295
                      2,                 1.4602,                0.98037,                 1.1679,                0.76874,                0.70841,                 0.7838,                0.44363,                 1.3749,                0.88451,                 1.1285,              0.0066299,              0.0066299,              0.0066299
                      3,                 1.4778,                 1.0083,                 1.1804,                0.75266,                0.70582,                0.76202,                0.41378,                 1.4676,                 0.9298,                 1.1711,              0.0098972,              0.0098972,              0.0098972
                      4,                 1.4971,                 1.0135,                 1.1908,                0.74846,                0.70641,                0.75432,                0.41286,                 1.4446,                0.94489,                 1.1732,              0.0098515,              0.0098515,              0.0098515
                      5,                 1.4713,                 0.9884,                 1.1761,                0.77061,                 0.7184,                0.78166,                0.43549,                 1.4189,                0.89072,                 1.1391,              0.0098515,              0.0098515,              0.0098515
                      6,                 1.4373,                 0.9482,                 1.1605,                 0.7586,                0.72945,                0.78436,                0.43851,                 1.4119,                0.87284,                 1.1431,               0.009802,               0.009802,               0.009802
                      7,                 1.4139,                0.92296,                 1.1477,                0.77496,                0.73492,                 0.7963,                0.45111,                 1.3774,                0.85857,                 1.1281,              0.0097525,              0.0097525,              0.0097525
                      8,                 1.3847,                0.90233,                 1.1365,                0.77877,                0.73132,                 0.7946,                 0.4504,                 1.3778,                0.84442,                 1.1312,               0.009703,               0.009703,               0.009703
                      9,                 1.3753,                0.88137,                 1.1352,                0.78594,                0.74193,                0.80987,                0.47251,                 1.3361,                0.81843,                 1.1186,              0.0096535,              0.0096535,              0.0096535
                     10,                 1.3541,                0.87676,                 1.1262,                0.77968,                0.74116,                0.80421,                0.46349,                  1.339,                0.81666,                 1.1193,               0.009604,               0.009604,               0.009604
                     11,                  1.338,                0.85957,                 1.1204,                0.78987,                0.75018,                0.81368,                0.46728,                 1.3448,                0.79688,                 1.1209,              0.0095545,              0.0095545,              0.0095545
                     12,                 1.3279,                0.85455,                 1.1183,                0.78968,                0.74874,                0.81286,                 0.4771,                 1.3306,                0.80028,                 1.1091,               0.009505,               0.009505,               0.009505
                     13,                 1.3215,                0.84361,                 1.1114,                0.77984,                0.75667,                0.81291,                0.47613,                 1.3202,                0.77797,                 1.1039,              0.0094555,              0.0094555,              0.0094555
                     14,                 1.3073,                0.83265,                  1.104,                0.79033,                0.75962,                0.82367,                0.48626,                 1.3037,                0.77424,                 1.0978,               0.009406,               0.009406,               0.009406
                     15,                 1.2899,                0.82296,                 1.0938,                0.79171,                0.75696,                0.81689,                0.48456,                 1.2968,                0.77088,                 1.0906,              0.0093565,              0.0093565,              0.0093565
                     16,                 1.2816,                0.81305,                 1.0954,                0.80057,                0.75849,                0.82298,                0.49291,                 1.2844,                0.75513,                 1.0989,               0.009307,               0.009307,               0.009307
                     17,                 1.2714,                0.80269,                 1.0874,                0.78414,                0.74119,                0.81709,                0.48016,                 1.3054,                0.77937,                 1.1046,              0.0092575,              0.0092575,              0.0092575
                     18,                 1.2705,                0.80359,                 1.0904,                0.78674,                0.75844,                0.82611,                0.49191,                 1.2855,                0.75986,                 1.0884,               0.009208,               0.009208,               0.009208
                     19,                 1.2597,                0.79854,                 1.0843,                0.78824,                0.76964,                0.82667,                   0.49,                 1.2946,                0.75583,                 1.0887,              0.0091585,              0.0091585,              0.0091585
                     20,                 1.2527,                 0.7814,                 1.0824,                0.79944,                0.76077,                 0.8286,                0.49229,                  1.287,                0.75514,                 1.0915,               0.009109,               0.009109,               0.009109
                     21,                 1.2478,                0.78157,                 1.0735,                0.79223,                0.76318,                0.83372,                0.49893,                 1.2728,                0.74887,                 1.0786,              0.0090595,              0.0090595,              0.0090595
                     22,                 1.2426,                0.77809,                 1.0758,                0.80141,                0.75954,                0.82924,                0.50337,                 1.2589,                  0.741,                 1.0741,                0.00901,                0.00901,                0.00901
                     23,                 1.2284,                0.77083,                  1.073,                0.79889,                0.76286,                0.83108,                0.50411,                 1.2523,                0.74081,                 1.0747,              0.0089605,              0.0089605,              0.0089605
                     24,                  1.222,                0.76473,                 1.0674,                0.79767,                0.76934,                0.83192,                0.50297,                 1.2697,                0.73998,                 1.0794,               0.008911,               0.008911,               0.008911
                     25,                 1.2151,                0.76402,                 1.0646,                0.80856,                0.76941,                 0.8363,                0.50416,                  1.258,                0.73743,                 1.0751,              0.0088615,              0.0088615,              0.0088615
                     26,                 1.2171,                0.75583,                 1.0685,                0.79359,                 0.7661,                0.82958,                 0.5037,                 1.2539,                0.73577,                 1.0817,               0.008812,               0.008812,               0.008812
                     27,                 1.2061,                0.75181,                 1.0609,                0.80473,                0.76256,                0.83438,                0.50589,                 1.2476,                0.72899,                 1.0645,              0.0087625,              0.0087625,              0.0087625
                     28,                 1.1986,                0.74964,                 1.0569,                0.79475,                0.77954,                0.83827,                0.51097,                 1.2414,                0.72332,                 1.0648,               0.008713,               0.008713,               0.008713
                     29,                 1.1969,                 0.7506,                 1.0551,                0.80664,                0.76949,                0.84036,                0.50819,                 1.2476,                0.72394,                 1.0662,              0.0086635,              0.0086635,              0.0086635
                     30,                 1.1902,                0.73501,                  1.055,                0.79685,                0.77872,                0.84148,                0.50968,                  1.245,                0.72016,                 1.0667,               0.008614,               0.008614,               0.008614
                     31,                 1.1834,                0.73544,                  1.053,                0.80048,                0.77759,                 0.8402,                0.51327,                 1.2389,                 0.7221,                 1.0648,              0.0085645,              0.0085645,              0.0085645
                     32,                 1.1806,                0.73329,                 1.0501,                0.80542,                0.77354,                0.84134,                0.51067,                 1.2447,                0.71591,                 1.0651,               0.008515,               0.008515,               0.008515
                     33,                 1.1764,                0.73097,                 1.0485,                0.79258,                0.77494,                0.83835,                0.51622,                 1.2239,                0.71772,                 1.0589,              0.0084655,              0.0084655,              0.0084655
                     34,                 1.1719,                0.72413,                 1.0455,                0.80552,                0.76979,                0.84032,                0.51768,                 1.2334,                0.71517,                 1.0604,               0.008416,               0.008416,               0.008416
                     35,                 1.1604,                0.71856,                 1.0401,                0.80297,                0.78084,                0.84457,                0.51698,                 1.2354,                0.71235,                 1.0646,              0.0083665,              0.0083665,              0.0083665
                     36,                 1.1639,                0.72099,                 1.0418,                0.80008,                 0.7815,                0.84401,                0.51436,                  1.234,                0.71245,                 1.0613,               0.008317,               0.008317,               0.008317
                     37,                 1.1577,                0.71561,                 1.0377,                0.80128,                0.78335,                0.84271,                0.51536,                 1.2379,                0.71415,                 1.0634,              0.0082675,              0.0082675,              0.0082675
                     38,                 1.1511,                0.71213,                 1.0378,                0.80245,                 0.7771,                0.84261,                 0.5194,                 1.2293,                0.70261,                 1.0677,               0.008218,               0.008218,               0.008218
                     39,                 1.1536,                0.70819,                 1.0382,                0.79667,                0.78231,                0.84625,                0.51926,                 1.2305,                0.70475,                 1.0657,              0.0081685,              0.0081685,              0.0081685
                     40,                 1.1504,                 0.7035,                 1.0341,                 0.8069,                0.76979,                0.84402,                0.51911,                 1.2251,                0.70315,                 1.0581,               0.008119,               0.008119,               0.008119
                     41,                 1.1446,                0.70264,                 1.0314,                0.80081,                 0.7773,                0.84493,                0.52303,                   1.22,                0.70005,                 1.0603,              0.0080695,              0.0080695,              0.0080695
                     42,                 1.1302,                0.69421,                 1.0294,                0.80877,                0.77937,                0.84738,                0.52402,                 1.2173,                0.69726,                 1.0589,                0.00802,                0.00802,                0.00802
                     43,                 1.1254,                 0.6902,                 1.0258,                0.80623,                0.77642,                 0.8447,                0.52091,                  1.224,                0.69934,                 1.0595,              0.0079705,              0.0079705,              0.0079705
                     44,                 1.1255,                0.69275,                 1.0317,                0.80782,                 0.7745,                0.84448,                0.52294,                 1.2207,                0.69826,                 1.0638,               0.007921,               0.007921,               0.007921
                     45,                  1.126,                0.68814,                 1.0275,                0.80524,                0.78425,                0.84497,                0.52136,                 1.2164,                0.69568,                 1.0585,              0.0078715,              0.0078715,              0.0078715
                     46,                 1.1131,                  0.679,                 1.0221,                0.81255,                0.76537,                0.84152,                0.52044,                 1.2123,                0.70134,                  1.059,               0.007822,               0.007822,               0.007822
                     47,                  1.115,                0.68392,                  1.022,                0.80378,                 0.7804,                0.84437,                0.52319,                 1.2133,                0.69705,                 1.0578,              0.0077725,              0.0077725,              0.0077725
                     48,                 1.1087,                0.68238,                 1.0183,                0.80587,                0.78143,                0.84609,                0.52619,                 1.2077,                0.69511,                 1.0519,               0.007723,               0.007723,               0.007723
                     49,                 1.1042,                0.67509,                  1.018,                0.80609,                0.78362,                0.84845,                0.52881,                 1.2058,                0.68637,                 1.0512,              0.0076735,              0.0076735,              0.0076735
                     50,                 1.0996,                0.67139,                 1.0144,                0.80916,                0.77097,                0.84764,                0.52834,                 1.2049,                0.68862,                 1.0507,               0.007624,               0.007624,               0.007624
                     51,                 1.1003,                0.66833,                 1.0155,                0.80308,                0.78143,                0.84643,                0.52536,                 1.2093,                0.68863,                  1.054,              0.0075745,              0.0075745,              0.0075745
                     52,                 1.0971,                0.66767,                  1.015,                0.81062,                0.77913,                0.84721,                0.52568,                 1.2135,                 0.6924,                 1.0519,               0.007525,               0.007525,               0.007525
                     53,                 1.0909,                0.66407,                 1.0137,                0.80478,                0.78075,                0.84546,                0.52555,                 1.2097,                0.69115,                 1.0518,              0.0074755,              0.0074755,              0.0074755
                     54,                 1.0928,                0.66324,                 1.0111,                0.79743,                0.78806,                 0.8494,                0.53051,                 1.2064,                0.68831,                 1.0537,               0.007426,               0.007426,               0.007426
                     55,                 1.0853,                0.66115,                 1.0122,                0.79254,                0.79749,                0.84859,                0.52996,                 1.2012,                0.68769,                  1.045,              0.0073765,              0.0073765,              0.0073765
                     56,                 1.0843,                0.66107,                 1.0078,                  0.812,                0.78187,                0.84801,                0.52774,                 1.2081,                 0.6823,                 1.0517,               0.007327,               0.007327,               0.007327
                     57,                 1.0811,                0.65282,                 1.0067,                0.81763,                0.78099,                0.84989,                0.52914,                 1.2002,                0.68601,                 1.0488,              0.0072775,              0.0072775,              0.0072775
                     58,                 1.0719,                0.64857,                 1.0044,                0.80498,                0.78998,                0.85229,                0.53184,                 1.2053,                0.68037,                 1.0518,               0.007228,               0.007228,               0.007228
                     59,                 1.0664,                0.64373,                 1.0011,                0.79918,                 0.7924,                0.84834,                0.52822,                 1.2023,                0.68169,                 1.0505,              0.0071785,              0.0071785,              0.0071785
                     60,                 1.0651,                0.64745,                 1.0042,                0.81349,                0.77745,                0.84829,                0.53082,                 1.2009,                0.67969,                 1.0529,               0.007129,               0.007129,               0.007129
                     61,                 1.0688,                0.64806,                 1.0029,                0.81133,                0.77922,                0.85041,                0.53057,                 1.1967,                0.67847,                 1.0482,              0.0070795,              0.0070795,              0.0070795
                     62,                 1.0587,                0.63839,                 1.0003,                0.80317,                0.78836,                0.84821,                0.53235,                 1.1958,                0.68111,                 1.0513,                0.00703,                0.00703,                0.00703
                     63,                 1.0611,                0.64063,                 1.0004,                0.80358,                0.79112,                0.84754,                0.53164,                 1.1955,                0.68517,                 1.0462,              0.0069805,              0.0069805,              0.0069805
                     64,                 1.0544,                0.63988,                0.99767,                0.80594,                0.78703,                0.84855,                0.53293,                 1.1928,                0.67748,                 1.0488,               0.006931,               0.006931,               0.006931
                     65,                 1.0483,                0.63122,                0.99429,                0.80874,                0.78525,                0.84802,                0.53357,                 1.1923,                0.67791,                 1.0474,              0.0068815,              0.0068815,              0.0068815
                     66,                 1.0419,                0.62714,                0.99259,                0.80836,                0.78516,                0.84776,                0.53245,                 1.1936,                0.68171,                 1.0462,               0.006832,               0.006832,               0.006832
                     67,                 1.0456,                0.62938,                0.99246,                0.80542,                0.79064,                0.84731,                0.53124,                 1.1936,                 0.6799,                 1.0447,              0.0067825,              0.0067825,              0.0067825
                     68,                 1.0443,                0.62748,                0.99322,                0.80785,                 0.7857,                0.84563,                0.53096,                 1.1925,                0.68329,                 1.0471,               0.006733,               0.006733,               0.006733
                     69,                 1.0347,                0.62709,                0.98961,                0.80754,                0.78865,                0.85041,                0.53419,                 1.1922,                0.68054,                 1.0466,              0.0066835,              0.0066835,              0.0066835
                     70,                 1.0367,                0.62425,                0.99097,                0.81106,                0.78452,                0.84951,                0.53325,                 1.1895,                0.67581,                 1.0459,               0.006634,               0.006634,               0.006634
                     71,                 1.0284,                0.61952,                0.98987,                 0.8023,                0.79012,                 0.8475,                0.53287,                  1.191,                0.67664,                 1.0465,              0.0065845,              0.0065845,              0.0065845
                     72,                 1.0292,                0.61789,                0.98934,                0.80132,                0.79823,                0.84967,                0.53241,                 1.1922,                0.67641,                 1.0486,               0.006535,               0.006535,               0.006535
                     73,                 1.0278,                0.61625,                0.98797,                0.80192,                0.79293,                0.84887,                0.53446,                 1.1897,                0.67565,                 1.0457,              0.0064855,              0.0064855,              0.0064855
                     74,                 1.0164,                0.61042,                0.98278,                0.79551,                0.80074,                 0.8485,                0.53658,                 1.1841,                0.67388,                 1.0431,               0.006436,               0.006436,               0.006436
                     75,                 1.0208,                0.61793,                0.98478,                0.81187,                0.78644,                0.85027,                0.53493,                 1.1905,                0.67387,                 1.0459,              0.0063865,              0.0063865,              0.0063865
                     76,                 1.0116,                0.60918,                0.98134,                0.81692,                0.78217,                0.85023,                0.53617,                 1.1878,                0.67404,                 1.0457,               0.006337,               0.006337,               0.006337
                     77,                 1.0106,                0.60507,                0.98146,                0.81545,                 0.7834,                0.85104,                0.53662,                 1.1888,                0.67291,                 1.0459,              0.0062875,              0.0062875,              0.0062875
                     78,                 1.0037,                0.60326,                0.97784,                0.81439,                0.78703,                0.85016,                0.53411,                  1.192,                0.67762,                 1.0477,               0.006238,               0.006238,               0.006238
                     79,                 1.0015,                0.60001,                0.97769,                0.81298,                0.78895,                 0.8505,                0.53427,                 1.1925,                0.67453,                 1.0468,              0.0061885,              0.0061885,              0.0061885
                     80,                 1.0098,                0.60328,                0.98118,                0.81261,                0.79185,                 0.8521,                0.53576,                 1.1924,                0.67616,                 1.0474,               0.006139,               0.006139,               0.006139
                     81,                 0.9912,                0.59542,                 0.9748,                0.80864,                0.79032,                0.85104,                0.53625,                 1.1883,                 0.6744,                 1.0469,              0.0060895,              0.0060895,              0.0060895
                     82,                0.99731,                0.59475,                0.97642,                0.81428,                0.78576,                0.85065,                0.53564,                 1.1854,                0.67312,                 1.0464,                0.00604,                0.00604,                0.00604
                     83,                0.99466,                0.59394,                0.97364,                0.80597,                0.79219,                0.85022,                0.53584,                 1.1874,                0.67139,                 1.0448,              0.0059905,              0.0059905,              0.0059905
                     84,                0.99051,                0.59185,                0.97546,                0.80607,                0.79579,                0.85014,                0.53597,                 1.1855,                0.67061,                 1.0456,               0.005941,               0.005941,               0.005941
                     85,                0.98521,                0.59318,                0.97516,                0.80802,                0.79155,                0.84836,                0.53535,                  1.187,                0.67131,                 1.0486,              0.0058915,              0.0058915,              0.0058915
                     86,                0.99307,                0.59374,                 0.9749,                0.81218,                 0.7888,                0.85177,                0.53787,                 1.1844,                0.67165,                 1.0459,               0.005842,               0.005842,               0.005842
                     87,                0.97893,                0.58777,                0.97121,                0.81181,                0.78644,                 0.8503,                0.53778,                 1.1849,                0.67309,                 1.0461,              0.0057925,              0.0057925,              0.0057925
                     88,                0.97919,                0.58273,                 0.9691,                0.81012,                0.78791,                0.85183,                0.53727,                 1.1871,                0.67089,                 1.0469,               0.005743,               0.005743,               0.005743
                     89,                0.97272,                0.58318,                0.97098,                0.80211,                0.79366,                 0.8521,                0.53774,                 1.1883,                0.67301,                 1.0487,              0.0056935,              0.0056935,              0.0056935
                     90,                0.97118,                 0.5769,                 0.9679,                0.80086,                 0.7966,                 0.8515,                0.53671,                 1.1888,                0.67657,                 1.0497,               0.005644,               0.005644,               0.005644
                     91,                0.96706,                 0.5787,                0.96831,                0.80699,                0.78836,                0.85079,                0.53652,                 1.1909,                0.67478,                 1.0496,              0.0055945,              0.0055945,              0.0055945
                     92,                0.96861,                0.57664,                0.96409,                   0.81,                0.79041,                0.85193,                 0.5367,                 1.1912,                0.67293,                 1.0486,               0.005545,               0.005545,               0.005545
                     93,                 0.9674,                0.57799,                0.96598,                0.81098,                0.79043,                0.85218,                0.53686,                 1.1895,                0.67124,                 1.0483,              0.0054955,              0.0054955,              0.0054955
                     94,                0.95995,                0.57409,                 0.9641,                0.81038,                0.79469,                0.85166,                0.53842,                 1.1884,                0.67222,                 1.0478,               0.005446,               0.005446,               0.005446
                     95,                0.96039,                0.57335,                0.96362,                0.81355,                0.78482,                0.85095,                 0.5385,                 1.1863,                0.67245,                  1.046,              0.0053965,              0.0053965,              0.0053965
                     96,                 0.9554,                0.56778,                0.96319,                0.81156,                0.78964,                0.85249,                0.53959,                 1.1862,                0.67186,                 1.0454,               0.005347,               0.005347,               0.005347
                     97,                0.95192,                0.56781,                0.96062,                0.80624,                0.79661,                0.85156,                0.53868,                 1.1867,                0.67182,                 1.0472,              0.0052975,              0.0052975,              0.0052975
                     98,                0.94389,                0.56182,                0.96009,                0.80768,                0.79352,                0.85057,                0.53828,                  1.185,                0.66995,                 1.0464,               0.005248,               0.005248,               0.005248
                     99,                 0.9497,                0.56487,                0.95895,                0.80488,                0.79764,                0.85112,                0.53853,                 1.1846,                0.67039,                 1.0448,              0.0051985,              0.0051985,              0.0051985
                    100,                0.94301,                0.56066,                0.95824,                0.80408,                0.79602,                0.85174,                 0.5398,                 1.1831,                0.67033,                 1.0445,               0.005149,               0.005149,               0.005149
                    101,                0.94115,                0.56031,                0.95756,                 0.8059,                0.79612,                0.85241,                0.54055,                 1.1813,                0.67006,                 1.0436,              0.0050995,              0.0050995,              0.0050995
                    102,                0.94251,                0.55956,                 0.9569,                0.81572,                0.78876,                0.85303,                0.54133,                 1.1812,                0.66826,                 1.0439,                0.00505,                0.00505,                0.00505
                    103,                0.93673,                0.55594,                0.95515,                0.81238,                0.79219,                0.85239,                0.54006,                 1.1812,                0.66794,                 1.0437,              0.0050005,              0.0050005,              0.0050005
                    104,                0.93802,                0.55703,                0.95682,                0.81243,                0.79286,                0.85217,                0.54103,                 1.1799,                0.66623,                 1.0429,               0.004951,               0.004951,               0.004951
                    105,                0.92897,                0.55109,                  0.954,                0.81741,                0.78939,                0.85244,                0.54138,                 1.1798,                0.66576,                 1.0427,              0.0049015,              0.0049015,              0.0049015
                    106,                0.92612,                0.54789,                 0.9502,                0.81292,                0.79396,                0.85326,                0.54118,                 1.1801,                  0.667,                 1.0428,               0.004852,               0.004852,               0.004852
                    107,                0.92601,                0.54918,                0.95142,                0.81081,                0.79587,                 0.8529,                0.54146,                 1.1796,                0.66757,                  1.043,              0.0048025,              0.0048025,              0.0048025
                    108,                0.91572,                0.54715,                0.94906,                0.81436,                0.79057,                0.85192,                0.54105,                 1.1792,                0.66729,                 1.0435,               0.004753,               0.004753,               0.004753
                    109,                0.91653,                0.54591,                0.94953,                0.81567,                0.78806,                0.85126,                0.54093,                 1.1799,                0.66765,                 1.0444,              0.0047035,              0.0047035,              0.0047035
                    110,                0.91669,                0.54155,                0.94845,                0.81421,                0.78802,                  0.851,                0.54034,                 1.1798,                0.66828,                 1.0445,               0.004654,               0.004654,               0.004654
                    111,                0.91295,                0.54404,                0.94718,                0.81119,                 0.7915,                0.85132,                0.54082,                 1.1798,                0.66912,                 1.0448,              0.0046045,              0.0046045,              0.0046045
                    112,                0.91082,                0.54004,                0.94628,                0.81212,                0.79254,                0.85165,                0.54089,                 1.1798,                0.66926,                  1.045,               0.004555,               0.004555,               0.004555
                    113,                0.90973,                0.53913,                0.94551,                0.81282,                0.79363,                0.85235,                 0.5407,                 1.1795,                0.66787,                 1.0454,              0.0045055,              0.0045055,              0.0045055
                    114,                0.90774,                0.53823,                 0.9455,                 0.8094,                0.79867,                0.85142,                0.53994,                 1.1792,                0.66895,                 1.0451,               0.004456,               0.004456,               0.004456
                    115,                0.90441,                0.53563,                0.94277,                 0.8111,                0.79455,                0.85092,                0.53979,                 1.1797,                 0.6688,                 1.0452,              0.0044065,              0.0044065,              0.0044065
                    116,                0.90432,                0.53507,                0.94563,                0.81994,                0.78254,                0.85027,                0.53931,                 1.1798,                0.66926,                 1.0455,               0.004357,               0.004357,               0.004357
                    117,                0.90301,                0.53704,                0.94322,                0.80628,                 0.7944,                 0.8497,                0.53904,                 1.1795,                0.66906,                 1.0453,              0.0043075,              0.0043075,              0.0043075
                    118,                0.89507,                0.53068,                0.93918,                0.80549,                0.79405,                0.85014,                 0.5384,                 1.1789,                0.66942,                  1.045,               0.004258,               0.004258,               0.004258
                    119,                0.89119,                0.52849,                0.93769,                0.80306,                0.79812,                0.85036,                 0.5391,                 1.1794,                0.67031,                 1.0452,              0.0042085,              0.0042085,              0.0042085
                    120,                0.89696,                0.53117,                0.93874,                0.80452,                0.79827,                 0.8504,                0.53905,                  1.179,                0.67013,                  1.045,               0.004159,               0.004159,               0.004159
                    121,                0.88642,                0.52667,                0.93697,                0.81083,                0.79219,                 0.8512,                0.53883,                 1.1791,                0.66918,                  1.045,              0.0041095,              0.0041095,              0.0041095
                    122,                 0.8885,                0.52973,                0.93894,                0.81115,                0.79131,                 0.8506,                0.53902,                 1.1786,                0.66848,                 1.0448,                0.00406,                0.00406,                0.00406
                    123,                0.88775,                0.52689,                0.94129,                0.80932,                0.79293,                0.85051,                0.53918,                 1.1784,                0.66844,                 1.0451,              0.0040105,              0.0040105,              0.0040105
                    124,                0.88498,                0.52464,                0.93538,                0.80207,                 0.8027,                0.85093,                0.53945,                 1.1779,                0.66798,                 1.0449,               0.003961,               0.003961,               0.003961
                    125,                0.87376,                0.51905,                0.93331,                0.80152,                 0.8023,                0.85074,                0.53995,                 1.1779,                0.66756,                 1.0447,              0.0039115,              0.0039115,              0.0039115
                    126,                0.87597,                0.51974,                0.93367,                0.80393,                 0.8001,                0.85096,                0.54004,                 1.1776,                0.66854,                 1.0445,               0.003862,               0.003862,               0.003862
                    127,                0.87527,                0.51817,                 0.9333,                 0.8066,                0.79661,                0.85086,                0.54018,                 1.1778,                0.66838,                 1.0446,              0.0038125,              0.0038125,              0.0038125
                    128,                 0.8785,                0.51997,                0.93324,                 0.8046,                0.80015,                0.85147,                0.54022,                 1.1779,                0.66868,                 1.0446,               0.003763,               0.003763,               0.003763
                    129,                0.86853,                0.51646,                0.93284,                0.80744,                0.79598,                0.85065,                0.53985,                 1.1781,                0.66873,                 1.0448,              0.0037135,              0.0037135,              0.0037135
                    130,                  0.872,                0.51634,                0.93355,                0.80725,                0.79587,                0.84975,                0.53982,                 1.1782,                0.66847,                 1.0454,               0.003664,               0.003664,               0.003664
                    131,                0.86076,                0.51202,                0.92994,                0.80732,                0.79598,                0.84945,                0.53962,                 1.1784,                 0.6686,                 1.0457,              0.0036145,              0.0036145,              0.0036145
                    132,                0.86688,                0.51299,                0.93249,                0.80866,                0.79646,                0.84877,                0.53953,                 1.1784,                 0.6687,                 1.0461,               0.003565,               0.003565,               0.003565
                    133,                0.86345,                0.51283,                0.93298,                0.80823,                 0.7972,                0.84842,                 0.5394,                 1.1781,                0.66909,                 1.0464,              0.0035155,              0.0035155,              0.0035155
                    134,                0.85857,                0.50615,                0.92746,                0.80462,                0.79995,                0.84848,                0.53934,                 1.1782,                0.66906,                 1.0466,               0.003466,               0.003466,               0.003466
                    135,                0.85906,                0.50669,                0.92827,                0.80351,                0.79956,                0.84855,                 0.5397,                 1.1779,                0.66869,                 1.0466,              0.0034165,              0.0034165,              0.0034165
                    136,                0.85724,                0.50851,                0.92725,                0.80555,                0.79617,                 0.8486,                0.53976,                 1.1774,                0.66881,                 1.0465,               0.003367,               0.003367,               0.003367
                    137,                0.85567,                0.50609,                0.92887,                0.80966,                0.79431,                0.84849,                0.53981,                 1.1773,                0.66882,                 1.0467,              0.0033175,              0.0033175,              0.0033175
                    138,                0.85084,                0.50069,                0.92552,                0.81103,                0.79067,                0.84849,                0.53982,                 1.1773,                0.66923,                 1.0468,               0.003268,               0.003268,               0.003268
                    139,                0.84883,                  0.501,                0.92539,                0.81124,                 0.7916,                0.84958,                0.53993,                 1.1769,                0.66864,                  1.047,              0.0032185,              0.0032185,              0.0032185
                    140,                 0.8446,                0.49878,                0.92233,                0.81177,                0.79234,                0.84984,                0.54004,                 1.1772,                0.66872,                 1.0472,               0.003169,               0.003169,               0.003169
                    141,                0.84066,                0.49557,                0.92088,                0.81149,                0.79352,                0.84987,                0.54006,                 1.1771,                0.66877,                 1.0472,              0.0031195,              0.0031195,              0.0031195
                    142,                0.83251,                0.49324,                0.92167,                0.81118,                0.79589,                0.85034,                0.53994,                 1.1768,                0.66849,                 1.0472,                0.00307,                0.00307,                0.00307
                    143,                0.83693,                0.49572,                0.92202,                0.81363,                0.79465,                0.85014,                0.54032,                 1.1763,                 0.6684,                  1.047,              0.0030205,              0.0030205,              0.0030205
                    144,                0.83812,                0.49587,                0.92418,                0.81537,                0.79279,                0.85052,                0.54075,                 1.1758,                0.66815,                  1.047,               0.002971,               0.002971,               0.002971
                    145,                0.83027,                0.49132,                0.92003,                0.81236,                0.79573,                0.85009,                0.54048,                 1.1756,                0.66842,                 1.0471,              0.0029215,              0.0029215,              0.0029215
                    146,                0.83302,                0.49273,                0.91893,                0.81498,                0.79293,                   0.85,                0.54043,                 1.1754,                 0.6686,                 1.0471,               0.002872,               0.002872,               0.002872
                    147,                0.83115,                0.48963,                0.92068,                0.81397,                0.79293,                0.84939,                0.54074,                 1.1752,                0.66875,                 1.0472,              0.0028225,              0.0028225,              0.0028225
                    148,                0.82771,                0.48741,                 0.9192,                0.81407,                0.79435,                0.84923,                0.54096,                 1.1751,                0.66872,                 1.0472,               0.002773,               0.002773,               0.002773
                    149,                0.81783,                0.48677,                0.91642,                0.81162,                0.79632,                0.84929,                 0.5411,                  1.175,                0.66889,                 1.0473,              0.0027235,              0.0027235,              0.0027235
                    150,                0.82112,                0.48466,                0.91837,                0.81108,                0.79602,                0.84961,                0.54103,                 1.1749,                0.66885,                 1.0474,               0.002674,               0.002674,               0.002674
                    151,                0.81457,                0.48174,                0.91659,                0.81088,                0.79558,                0.84889,                0.54103,                 1.1747,                0.66897,                 1.0475,              0.0026245,              0.0026245,              0.0026245
                    152,                0.81603,                0.48427,                0.91943,                0.81102,                0.79633,                0.84909,                 0.5411,                 1.1747,                0.66928,                 1.0476,               0.002575,               0.002575,               0.002575
                    153,                0.81489,                0.48129,                 0.9136,                0.80916,                0.79802,                0.84902,                0.54088,                 1.1748,                0.66922,                 1.0479,              0.0025255,              0.0025255,              0.0025255
                    154,                0.81229,                0.48172,                0.91471,                0.80727,                0.79882,                0.84906,                0.54099,                 1.1748,                 0.6693,                 1.0479,               0.002476,               0.002476,               0.002476
                    155,                0.80996,                0.47837,                0.91369,                0.80715,                0.79882,                0.84901,                0.54116,                 1.1749,                0.66957,                 1.0481,              0.0024265,              0.0024265,              0.0024265
                    156,                0.81058,                0.47857,                0.91339,                0.80685,                0.79853,                0.84894,                0.54109,                 1.1749,                0.66955,                 1.0482,               0.002377,               0.002377,               0.002377
                    157,                 0.8098,                0.47687,                0.91349,                0.80787,                0.79756,                0.84898,                0.54097,                  1.175,                0.66936,                 1.0483,              0.0023275,              0.0023275,              0.0023275
                    158,                 0.7993,                0.47464,                0.91146,                0.80728,                0.79749,                0.84897,                0.54099,                  1.175,                0.66954,                 1.0485,               0.002278,               0.002278,               0.002278
                    159,                0.80158,                0.47451,                0.91111,                 0.8072,                0.79705,                0.84863,                0.54112,                 1.1751,                 0.6698,                 1.0486,              0.0022285,              0.0022285,              0.0022285
                    160,                0.80066,                0.47466,                0.91167,                0.80706,                0.79715,                0.84842,                0.54098,                 1.1753,                0.66996,                 1.0486,               0.002179,               0.002179,               0.002179
                    161,                0.79461,                0.46989,                0.90985,                0.80775,                 0.7976,                 0.8485,                 0.5406,                 1.1753,                0.67005,                 1.0487,              0.0021295,              0.0021295,              0.0021295
                    162,                0.79538,                0.46773,                 0.9086,                0.80763,                 0.7976,                0.84848,                0.54049,                 1.1754,                0.67029,                 1.0488,                0.00208,                0.00208,                0.00208
                    163,                0.79329,                0.46999,                0.90949,                 0.8108,                0.79587,                0.84835,                0.54057,                 1.1754,                0.67014,                 1.0489,              0.0020305,              0.0020305,              0.0020305
                    164,                0.79384,                0.46839,                0.90887,                0.81133,                0.79543,                0.84823,                0.54076,                 1.1755,                 0.6701,                  1.049,               0.001981,               0.001981,               0.001981
                    165,                0.79074,                0.46576,                0.90871,                0.81091,                0.79514,                0.84787,                 0.5404,                 1.1755,                0.67013,                  1.049,              0.0019315,              0.0019315,              0.0019315
                    166,                0.78358,                  0.463,                0.90642,                0.81166,                0.79333,                0.84782,                0.54039,                 1.1756,                0.67053,                  1.049,               0.001882,               0.001882,               0.001882
                    167,                 0.7831,                0.46306,                0.90813,                0.80995,                0.79396,                0.84774,                0.54055,                 1.1755,                 0.6707,                 1.0492,              0.0018325,              0.0018325,              0.0018325
                    168,                0.78308,                0.46169,                 0.9067,                0.80876,                0.79471,                0.84781,                0.54057,                 1.1757,                0.67101,                 1.0492,               0.001783,               0.001783,               0.001783
                    169,                0.77944,                0.46029,                0.90571,                0.80813,                0.79543,                 0.8477,                0.54072,                 1.1755,                0.67122,                 1.0493,              0.0017335,              0.0017335,              0.0017335
                    170,                0.77714,                0.46136,                0.90547,                   0.81,                0.79359,                0.84756,                0.54085,                 1.1756,                0.67135,                 1.0495,               0.001684,               0.001684,               0.001684
                    171,                0.77732,                0.45943,                0.90389,                0.80954,                0.79307,                0.84736,                0.54097,                 1.1755,                0.67152,                 1.0494,              0.0016345,              0.0016345,              0.0016345
                    172,                0.77594,                0.46023,                0.90455,                0.80894,                0.79381,                0.84752,                0.54088,                 1.1754,                0.67176,                 1.0494,               0.001585,               0.001585,               0.001585
                    173,                0.77484,                0.45555,                0.90537,                0.80855,                0.79426,                0.84759,                0.54117,                 1.1754,                0.67183,                 1.0495,              0.0015355,              0.0015355,              0.0015355
                    174,                0.76466,                0.45542,                0.90166,                 0.8092,                0.79528,                0.84747,                0.54086,                 1.1752,                0.67173,                 1.0495,               0.001486,               0.001486,               0.001486
                    175,                0.76756,                 0.4513,                0.90398,                0.81017,                0.79382,                 0.8474,                0.54079,                 1.1753,                0.67201,                 1.0497,              0.0014365,              0.0014365,              0.0014365
                    176,                 0.7692,                0.45552,                0.90392,                0.81003,                 0.7944,                0.84769,                0.54111,                 1.1753,                0.67213,                 1.0498,               0.001387,               0.001387,               0.001387
                    177,                0.76226,                0.45089,                0.89856,                0.80934,                0.79499,                0.84766,                0.54086,                 1.1753,                 0.6721,                 1.0498,              0.0013375,              0.0013375,              0.0013375
                    178,                 0.7623,                0.45058,                 0.9016,                0.81011,                0.79352,                0.84787,                0.54088,                 1.1751,                0.67238,                 1.0498,               0.001288,               0.001288,               0.001288
                    179,                0.75986,                0.44918,                0.89738,                0.81076,                0.79293,                0.84762,                0.54121,                  1.175,                0.67261,                 1.0499,              0.0012385,              0.0012385,              0.0012385
                    180,                0.76085,                0.44755,                0.89843,                0.81246,                0.79263,                0.84782,                0.54128,                 1.1749,                0.67254,                 1.0499,               0.001189,               0.001189,               0.001189
                    181,                0.75259,                0.44734,                0.89696,                0.81097,                0.79337,                0.84821,                0.54129,                 1.1749,                0.67276,                 1.0498,              0.0011395,              0.0011395,              0.0011395
                    182,                0.74975,                0.44371,                0.89664,                0.81123,                0.79362,                 0.8484,                0.54114,                  1.175,                  0.673,                   1.05,                0.00109,                0.00109,                0.00109
                    183,                0.75437,                 0.4444,                0.89677,                0.81127,                 0.7951,                0.84855,                 0.5412,                 1.1748,                0.67295,                 1.0501,              0.0010405,              0.0010405,              0.0010405
                    184,                0.74978,                0.44536,                0.89675,                0.81085,                0.79528,                0.84882,                0.54131,                 1.1749,                0.67302,                 1.0501,               0.000991,               0.000991,               0.000991
                    185,                0.75282,                0.44643,                0.89754,                0.81166,                 0.7946,                 0.8486,                0.54114,                 1.1749,                0.67321,                 1.0503,              0.0009415,              0.0009415,              0.0009415
                    186,                0.74518,                0.44139,                0.89687,                0.81145,                0.79455,                0.84872,                0.54144,                 1.1749,                0.67326,                 1.0504,               0.000892,               0.000892,               0.000892
                    187,                 0.7431,                0.44077,                0.89762,                0.81224,                0.79484,                0.84867,                0.54133,                 1.1748,                0.67359,                 1.0505,              0.0008425,              0.0008425,              0.0008425
                    188,                0.74283,                0.43943,                 0.8965,                0.81238,                 0.7941,                 0.8488,                0.54161,                 1.1748,                0.67379,                 1.0505,               0.000793,               0.000793,               0.000793
                    189,                0.74321,                0.44036,                 0.8956,                0.81293,                0.79416,                0.84883,                0.54153,                 1.1747,                  0.674,                 1.0506,              0.0007435,              0.0007435,              0.0007435
                    190,                 0.7377,                0.43612,                0.89438,                0.81319,                 0.7941,                 0.8484,                0.54171,                 1.1747,                0.67427,                 1.0508,               0.000694,               0.000694,               0.000694
                    191,                0.74533,                0.42099,                0.88602,                0.81287,                 0.7941,                0.84872,                0.54164,                 1.1747,                0.67432,                 1.0509,              0.0006445,              0.0006445,              0.0006445
                    192,                0.72138,                0.40945,                0.87951,                0.81184,                0.79573,                0.84866,                0.54163,                 1.1748,                0.67471,                 1.0511,               0.000595,               0.000595,               0.000595
                    193,                0.70782,                0.40114,                0.87553,                 0.8121,                0.79602,                0.84884,                0.54161,                 1.1751,                 0.6749,                 1.0513,              0.0005455,              0.0005455,              0.0005455
                    194,                0.70296,                0.39991,                0.87291,                0.81074,                0.79661,                0.84872,                0.54155,                 1.1751,                0.67528,                 1.0515,               0.000496,               0.000496,               0.000496
                    195,                0.69987,                0.39859,                0.87193,                0.81043,                 0.7969,                0.84849,                0.54169,                 1.1752,                 0.6755,                 1.0516,              0.0004465,              0.0004465,              0.0004465
                    196,                0.69603,                0.39651,                0.87235,                0.81084,                0.79731,                0.84843,                0.54145,                 1.1755,                0.67581,                 1.0518,               0.000397,               0.000397,               0.000397
                    197,                0.69337,                 0.3933,                0.87141,                0.80984,                 0.7984,                0.84841,                0.54164,                 1.1757,                0.67624,                 1.0521,              0.0003475,              0.0003475,              0.0003475
                    198,                0.69213,                0.39423,                 0.8693,                0.80945,                0.79912,                0.84817,                0.54118,                 1.1757,                0.67629,                 1.0522,               0.000298,               0.000298,               0.000298
                    199,                0.68797,                0.39292,                0.87124,                0.81102,                0.79507,                0.84799,                0.54137,                 1.1756,                0.67616,                 1.0523,              0.0002485,              0.0002485,              0.0002485
                    200,                0.68685,                0.39033,                0.86735,                0.81091,                0.79617,                0.84805,                0.54122,                 1.1757,                0.67653,                 1.0525,               0.000199,               0.000199,               0.000199
